patient_key,planned_day,observed_day,primary_source,secondary_source,review_status,outcome_value
F0001,42,40,central_clinical_review,site_ecrf,discordant_pending_reconciliation,SEALED
F0002,42,41,central_clinical_review,site_ecrf,discordant_pending_reconciliation,SEALED
F0003,42,42,central_clinical_review,site_ecrf,discordant_pending_reconciliation,SEALED
F0004,42,43,central_clinical_review,site_ecrf,discordant_pending_reconciliation,SEALED
F0005,42,44,central_clinical_review,site_ecrf,concordant,SEALED
F0006,42,40,central_clinical_review,site_ecrf,concordant,SEALED
F0007,42,41,central_clinical_review,site_ecrf,concordant,SEALED
F0008,42,42,central_clinical_review,site_ecrf,concordant,SEALED
F0009,42,43,central_clinical_review,site_ecrf,concordant,SEALED
F0010,42,44,central_clinical_review,site_ecrf,concordant,SEALED
F0011,42,40,central_clinical_review,site_ecrf,concordant,SEALED
F0012,42,41,central_clinical_review,site_ecrf,concordant,SEALED
F0013,42,42,central_clinical_review,site_ecrf,concordant,SEALED
F0014,42,43,central_clinical_review,site_ecrf,concordant,SEALED
F0015,42,44,central_clinical_review,site_ecrf,concordant,SEALED
F0016,42,40,central_clinical_review,site_ecrf,concordant,SEALED
F0017,42,41,central_clinical_review,site_ecrf,concordant,SEALED
F0018,42,42,central_clinical_review,site_ecrf,concordant,SEALED
F0019,42,43,central_clinical_review,site_ecrf,concordant,SEALED
F0020,42,44,central_clinical_review,site_ecrf,concordant,SEALED
F0021,42,40,central_clinical_review,site_ecrf,concordant,SEALED
F0022,42,41,central_clinical_review,site_ecrf,concordant,SEALED
F0023,42,42,central_clinical_review,site_ecrf,concordant,SEALED
F0024,42,43,central_clinical_review,site_ecrf,concordant,SEALED
F0025,42,44,central_clinical_review,site_ecrf,concordant,SEALED
F0026,42,40,central_clinical_review,site_ecrf,concordant,SEALED
F0027,42,41,central_clinical_review,site_ecrf,concordant,SEALED
F0028,42,42,central_clinical_review,site_ecrf,concordant,SEALED
F0029,42,43,central_clinical_review,site_ecrf,concordant,SEALED
F0030,42,44,central_clinical_review,site_ecrf,concordant,SEALED
F0031,42,40,central_clinical_review,site_ecrf,concordant,SEALED
F0032,42,41,central_clinical_review,site_ecrf,concordant,SEALED
F0033,42,42,central_clinical_review,site_ecrf,concordant,SEALED
F0034,42,43,central_clinical_review,site_ecrf,concordant,SEALED
F0035,42,44,central_clinical_review,site_ecrf,concordant,SEALED
F0036,42,40,central_clinical_review,site_ecrf,concordant,SEALED
F0037,42,41,central_clinical_review,site_ecrf,concordant,SEALED
F0038,42,42,central_clinical_review,site_ecrf,concordant,SEALED
F0039,42,43,central_clinical_review,site_ecrf,concordant,SEALED
F0040,42,44,central_clinical_review,site_ecrf,concordant,SEALED
F0041,42,40,central_clinical_review,site_ecrf,concordant,SEALED
F0042,42,41,central_clinical_review,site_ecrf,concordant,SEALED
F0043,42,42,central_clinical_review,site_ecrf,concordant,SEALED
F0044,42,43,central_clinical_review,site_ecrf,concordant,SEALED
F0045,42,44,central_clinical_review,site_ecrf,concordant,SEALED
F0046,42,40,central_clinical_review,site_ecrf,concordant,SEALED
F0047,42,41,central_clinical_review,site_ecrf,concordant,SEALED
F0048,42,42,central_clinical_review,site_ecrf,concordant,SEALED
F0049,42,43,central_clinical_review,site_ecrf,concordant,SEALED
F0050,42,44,central_clinical_review,site_ecrf,concordant,SEALED
F0051,42,40,central_clinical_review,site_ecrf,concordant,SEALED
F0052,42,41,central_clinical_review,site_ecrf,concordant,SEALED
F0053,42,42,central_clinical_review,site_ecrf,concordant,SEALED
F0054,42,43,central_clinical_review,site_ecrf,concordant,SEALED
F0055,42,44,central_clinical_review,site_ecrf,concordant,SEALED
F0056,42,40,central_clinical_review,site_ecrf,concordant,SEALED
F0057,42,41,central_clinical_review,site_ecrf,concordant,SEALED
F0058,42,42,central_clinical_review,site_ecrf,concordant,SEALED
F0059,42,43,central_clinical_review,site_ecrf,concordant,SEALED
F0060,42,44,central_clinical_review,site_ecrf,concordant,SEALED
F0061,42,40,central_clinical_review,site_ecrf,concordant,SEALED
F0062,42,41,central_clinical_review,site_ecrf,concordant,SEALED
F0063,42,42,central_clinical_review,site_ecrf,concordant,SEALED
F0064,42,43,central_clinical_review,site_ecrf,concordant,SEALED
F0065,42,44,central_clinical_review,site_ecrf,concordant,SEALED
F0066,42,40,central_clinical_review,site_ecrf,concordant,SEALED
F0067,42,41,central_clinical_review,site_ecrf,concordant,SEALED
F0068,42,42,central_clinical_review,site_ecrf,concordant,SEALED
F0069,42,43,central_clinical_review,site_ecrf,concordant,SEALED
F0070,42,44,central_clinical_review,site_ecrf,concordant,SEALED
F0071,42,40,central_clinical_review,site_ecrf,concordant,SEALED
F0072,42,41,central_clinical_review,site_ecrf,concordant,SEALED
F0073,42,42,central_clinical_review,site_ecrf,concordant,SEALED
F0074,42,43,central_clinical_review,site_ecrf,concordant,SEALED
F0075,42,44,central_clinical_review,site_ecrf,concordant,SEALED
F0076,42,40,central_clinical_review,site_ecrf,concordant,SEALED
F0077,42,41,central_clinical_review,site_ecrf,concordant,SEALED
F0078,42,42,central_clinical_review,site_ecrf,concordant,SEALED
F0079,42,43,central_clinical_review,site_ecrf,concordant,SEALED
F0080,42,44,central_clinical_review,site_ecrf,concordant,SEALED
F0081,42,40,central_clinical_review,site_ecrf,concordant,SEALED
F0082,42,41,central_clinical_review,site_ecrf,concordant,SEALED
F0083,42,42,central_clinical_review,site_ecrf,concordant,SEALED
F0084,42,43,central_clinical_review,site_ecrf,concordant,SEALED
F0085,42,44,central_clinical_review,site_ecrf,concordant,SEALED
F0086,42,40,central_clinical_review,site_ecrf,concordant,SEALED
F0087,42,41,central_clinical_review,site_ecrf,concordant,SEALED
F0088,42,42,central_clinical_review,site_ecrf,concordant,SEALED
F0089,42,43,central_clinical_review,site_ecrf,concordant,SEALED
F0090,42,44,central_clinical_review,site_ecrf,concordant,SEALED
F0091,42,40,central_clinical_review,site_ecrf,concordant,SEALED
F0092,42,41,central_clinical_review,site_ecrf,concordant,SEALED
F0093,42,42,central_clinical_review,site_ecrf,concordant,SEALED
F0094,42,43,central_clinical_review,site_ecrf,concordant,SEALED
F0095,42,44,central_clinical_review,site_ecrf,concordant,SEALED
F0096,42,40,central_clinical_review,site_ecrf,concordant,SEALED
