sample_id,model_version,predicted_probability,prediction_timestamp
S0001_1,uc-lock-2026-07,0.224868,2026-07-14T09:20:00Z
S0002_1,uc-lock-2026-07,0.408325,2026-07-14T09:20:00Z
S0003_1,uc-lock-2026-07,0.761847,2026-07-14T09:20:00Z
S0003_2,uc-lock-2026-07,0.768548,2026-07-14T09:20:00Z
S0004_1,uc-lock-2026-07,0.623756,2026-07-14T09:20:00Z
S0004_2,uc-lock-2026-07,0.616009,2026-07-14T09:20:00Z
S0005_1,uc-lock-2026-07,0.739465,2026-07-14T09:20:00Z
S0006_1,uc-lock-2026-07,0.314406,2026-07-14T09:20:00Z
S0007_1,uc-lock-2026-07,0.895640,2026-07-14T09:20:00Z
S0008_1,uc-lock-2026-07,0.703125,2026-07-14T09:20:00Z
S0009_1,uc-lock-2026-07,0.544943,2026-07-14T09:20:00Z
S0010_1,uc-lock-2026-07,0.293359,2026-07-14T09:20:00Z
S0011_1,uc-lock-2026-07,0.417997,2026-07-14T09:20:00Z
S0012_1,uc-lock-2026-07,0.371677,2026-07-14T09:20:00Z
S0013_1,uc-lock-2026-07,0.548358,2026-07-14T09:20:00Z
S0014_1,uc-lock-2026-07,0.411050,2026-07-14T09:20:00Z
S0015_1,uc-lock-2026-07,0.648542,2026-07-14T09:20:00Z
S0016_1,uc-lock-2026-07,0.215779,2026-07-14T09:20:00Z
S0016_2,uc-lock-2026-07,0.205391,2026-07-14T09:20:00Z
S0017_1,uc-lock-2026-07,0.750123,2026-07-14T09:20:00Z
S0018_1,uc-lock-2026-07,0.703601,2026-07-14T09:20:00Z
S0019_1,uc-lock-2026-07,0.678666,2026-07-14T09:20:00Z
S0019_2,uc-lock-2026-07,0.679657,2026-07-14T09:20:00Z
S0020_1,uc-lock-2026-07,0.272426,2026-07-14T09:20:00Z
S0021_1,uc-lock-2026-07,0.201793,2026-07-14T09:20:00Z
S0022_1,uc-lock-2026-07,0.753978,2026-07-14T09:20:00Z
S0023_1,uc-lock-2026-07,0.290980,2026-07-14T09:20:00Z
S0024_1,uc-lock-2026-07,0.828035,2026-07-14T09:20:00Z
S0025_1,uc-lock-2026-07,0.584203,2026-07-14T09:20:00Z
S0026_1,uc-lock-2026-07,0.512933,2026-07-14T09:20:00Z
S0027_1,uc-lock-2026-07,0.539866,2026-07-14T09:20:00Z
S0028_1,uc-lock-2026-07,0.172020,2026-07-14T09:20:00Z
S0029_1,uc-lock-2026-07,0.065581,2026-07-14T09:20:00Z
S0030_1,uc-lock-2026-07,0.449565,2026-07-14T09:20:00Z
S0031_1,uc-lock-2026-07,0.856774,2026-07-14T09:20:00Z
S0032_1,uc-lock-2026-07,0.520377,2026-07-14T09:20:00Z
S0033_1,uc-lock-2026-07,0.409614,2026-07-14T09:20:00Z
S0034_1,uc-lock-2026-07,0.473425,2026-07-14T09:20:00Z
S0035_1,uc-lock-2026-07,0.306677,2026-07-14T09:20:00Z
S0036_1,uc-lock-2026-07,0.649048,2026-07-14T09:20:00Z
S0037_1,uc-lock-2026-07,0.156626,2026-07-14T09:20:00Z
S0038_1,uc-lock-2026-07,0.387831,2026-07-14T09:20:00Z
S0039_1,uc-lock-2026-07,0.421227,2026-07-14T09:20:00Z
S0040_1,uc-lock-2026-07,0.497985,2026-07-14T09:20:00Z
S0041_1,uc-lock-2026-07,0.783174,2026-07-14T09:20:00Z
S0042_1,uc-lock-2026-07,0.490487,2026-07-14T09:20:00Z
S0042_2,uc-lock-2026-07,0.479928,2026-07-14T09:20:00Z
S0043_1,uc-lock-2026-07,0.468899,2026-07-14T09:20:00Z
S0044_1,uc-lock-2026-07,0.397603,2026-07-14T09:20:00Z
S0045_1,uc-lock-2026-07,0.799672,2026-07-14T09:20:00Z
S0046_1,uc-lock-2026-07,0.705456,2026-07-14T09:20:00Z
S0047_1,uc-lock-2026-07,0.581332,2026-07-14T09:20:00Z
S0048_1,uc-lock-2026-07,0.538137,2026-07-14T09:20:00Z
S0049_1,uc-lock-2026-07,0.449867,2026-07-14T09:20:00Z
S0050_1,uc-lock-2026-07,0.663557,2026-07-14T09:20:00Z
S0051_1,uc-lock-2026-07,0.543928,2026-07-14T09:20:00Z
S0052_1,uc-lock-2026-07,0.188916,2026-07-14T09:20:00Z
S0053_1,uc-lock-2026-07,0.119302,2026-07-14T09:20:00Z
S0054_1,uc-lock-2026-07,0.563844,2026-07-14T09:20:00Z
S0055_1,uc-lock-2026-07,0.792521,2026-07-14T09:20:00Z
S0056_1,uc-lock-2026-07,0.584294,2026-07-14T09:20:00Z
S0057_1,uc-lock-2026-07,0.486774,2026-07-14T09:20:00Z
S0058_1,uc-lock-2026-07,0.456803,2026-07-14T09:20:00Z
S0059_1,uc-lock-2026-07,0.196036,2026-07-14T09:20:00Z
S0060_1,uc-lock-2026-07,0.512679,2026-07-14T09:20:00Z
S0061_1,uc-lock-2026-07,0.566850,2026-07-14T09:20:00Z
S0062_1,uc-lock-2026-07,0.496734,2026-07-14T09:20:00Z
S0063_1,uc-lock-2026-07,0.265891,2026-07-14T09:20:00Z
S0063_2,uc-lock-2026-07,0.279569,2026-07-14T09:20:00Z
S0064_1,uc-lock-2026-07,0.696696,2026-07-14T09:20:00Z
S0065_1,uc-lock-2026-07,0.403825,2026-07-14T09:20:00Z
S0066_1,uc-lock-2026-07,0.143679,2026-07-14T09:20:00Z
S0067_1,uc-lock-2026-07,0.520175,2026-07-14T09:20:00Z
S0068_1,uc-lock-2026-07,0.128653,2026-07-14T09:20:00Z
S0068_2,uc-lock-2026-07,0.135287,2026-07-14T09:20:00Z
S0069_1,uc-lock-2026-07,0.451302,2026-07-14T09:20:00Z
S0070_1,uc-lock-2026-07,0.320400,2026-07-14T09:20:00Z
S0071_1,uc-lock-2026-07,0.448623,2026-07-14T09:20:00Z
S0072_1,uc-lock-2026-07,0.326908,2026-07-14T09:20:00Z
S0073_1,uc-lock-2026-07,0.299259,2026-07-14T09:20:00Z
S0074_1,uc-lock-2026-07,0.430393,2026-07-14T09:20:00Z
S0075_1,uc-lock-2026-07,0.321713,2026-07-14T09:20:00Z
S0076_1,uc-lock-2026-07,0.431742,2026-07-14T09:20:00Z
S0077_1,uc-lock-2026-07,0.320969,2026-07-14T09:20:00Z
S0078_1,uc-lock-2026-07,0.265607,2026-07-14T09:20:00Z
S0079_1,uc-lock-2026-07,0.745061,2026-07-14T09:20:00Z
S0080_1,uc-lock-2026-07,0.421167,2026-07-14T09:20:00Z
S0081_1,uc-lock-2026-07,0.795355,2026-07-14T09:20:00Z
S0082_1,uc-lock-2026-07,0.335576,2026-07-14T09:20:00Z
S0083_1,uc-lock-2026-07,0.542390,2026-07-14T09:20:00Z
S0084_1,uc-lock-2026-07,0.857662,2026-07-14T09:20:00Z
S0085_1,uc-lock-2026-07,0.774864,2026-07-14T09:20:00Z
S0086_1,uc-lock-2026-07,0.649489,2026-07-14T09:20:00Z
S0087_1,uc-lock-2026-07,0.586642,2026-07-14T09:20:00Z
S0088_1,uc-lock-2026-07,0.776678,2026-07-14T09:20:00Z
S0089_1,uc-lock-2026-07,0.669626,2026-07-14T09:20:00Z
S0090_1,uc-lock-2026-07,0.443424,2026-07-14T09:20:00Z
S0091_1,uc-lock-2026-07,0.233392,2026-07-14T09:20:00Z
S0092_1,uc-lock-2026-07,0.573635,2026-07-14T09:20:00Z
S0093_1,uc-lock-2026-07,0.722293,2026-07-14T09:20:00Z
S0094_1,uc-lock-2026-07,0.620022,2026-07-14T09:20:00Z
S0094_2,uc-lock-2026-07,0.597271,2026-07-14T09:20:00Z
S0095_1,uc-lock-2026-07,0.406570,2026-07-14T09:20:00Z
S0096_1,uc-lock-2026-07,0.594202,2026-07-14T09:20:00Z
S0097_1,uc-lock-2026-07,0.251900,2026-07-14T09:20:00Z
S0098_1,uc-lock-2026-07,0.556862,2026-07-14T09:20:00Z
S0099_1,uc-lock-2026-07,0.381764,2026-07-14T09:20:00Z
S0100_1,uc-lock-2026-07,0.205342,2026-07-14T09:20:00Z
S0101_1,uc-lock-2026-07,0.287246,2026-07-14T09:20:00Z
S0102_1,uc-lock-2026-07,0.252286,2026-07-14T09:20:00Z
S0103_1,uc-lock-2026-07,0.712880,2026-07-14T09:20:00Z
S0103_2,uc-lock-2026-07,0.704402,2026-07-14T09:20:00Z
S0104_1,uc-lock-2026-07,0.568676,2026-07-14T09:20:00Z
S0105_1,uc-lock-2026-07,0.338565,2026-07-14T09:20:00Z
S0106_1,uc-lock-2026-07,0.175849,2026-07-14T09:20:00Z
S0107_1,uc-lock-2026-07,0.126254,2026-07-14T09:20:00Z
S0107_2,uc-lock-2026-07,0.110750,2026-07-14T09:20:00Z
S0108_1,uc-lock-2026-07,0.581899,2026-07-14T09:20:00Z
S0109_1,uc-lock-2026-07,0.144176,2026-07-14T09:20:00Z
S0110_1,uc-lock-2026-07,0.151301,2026-07-14T09:20:00Z
S0111_1,uc-lock-2026-07,0.316108,2026-07-14T09:20:00Z
S0112_1,uc-lock-2026-07,0.384088,2026-07-14T09:20:00Z
S0113_1,uc-lock-2026-07,0.399805,2026-07-14T09:20:00Z
S0114_1,uc-lock-2026-07,0.451803,2026-07-14T09:20:00Z
S0115_1,uc-lock-2026-07,0.919399,2026-07-14T09:20:00Z
S0116_1,uc-lock-2026-07,0.527160,2026-07-14T09:20:00Z
S0117_1,uc-lock-2026-07,0.392483,2026-07-14T09:20:00Z
S0118_1,uc-lock-2026-07,0.694493,2026-07-14T09:20:00Z
S0119_1,uc-lock-2026-07,0.669384,2026-07-14T09:20:00Z
S0120_1,uc-lock-2026-07,0.769409,2026-07-14T09:20:00Z
S0121_1,uc-lock-2026-07,0.383118,2026-07-14T09:20:00Z
S0122_1,uc-lock-2026-07,0.169952,2026-07-14T09:20:00Z
S0123_1,uc-lock-2026-07,0.191974,2026-07-14T09:20:00Z
S0124_1,uc-lock-2026-07,0.285295,2026-07-14T09:20:00Z
