sample_id,cohort_role,included_in_reference_fit
TR0001,training,true
TR0002,training,true
TR0003,training,true
TR0004,training,true
TR0005,training,true
TR0006,training,true
TR0007,training,true
TR0008,training,true
TR0009,training,true
TR0010,training,true
TR0011,training,true
TR0012,training,true
TR0013,training,true
TR0014,training,true
TR0015,training,true
TR0016,training,true
TR0017,training,true
TR0018,training,true
TR0019,training,true
TR0020,training,true
TR0021,training,true
TR0022,training,true
TR0023,training,true
TR0024,training,true
TR0025,training,true
TR0026,training,true
TR0027,training,true
TR0028,training,true
TR0029,training,true
TR0030,training,true
TR0031,training,true
TR0032,training,true
TR0033,training,true
TR0034,training,true
TR0035,training,true
TR0036,training,true
TR0037,training,true
TR0038,training,true
TR0039,training,true
TR0040,training,true
TR0041,training,true
TR0042,training,true
TR0043,training,true
TR0044,training,true
TR0045,training,true
TR0046,training,true
TR0047,training,true
TR0048,training,true
TR0049,training,true
TR0050,training,true
TR0051,training,true
TR0052,training,true
TR0053,training,true
TR0054,training,true
TR0055,training,true
TR0056,training,true
TR0057,training,true
TR0058,training,true
TR0059,training,true
TR0060,training,true
TR0061,training,true
TR0062,training,true
TR0063,training,true
TR0064,training,true
TR0065,training,true
TR0066,training,true
TR0067,training,true
TR0068,training,true
TR0069,training,true
TR0070,training,true
TR0071,training,true
TR0072,training,true
TR0073,training,true
TR0074,training,true
TR0075,training,true
TR0076,training,true
TR0077,training,true
TR0078,training,true
TR0079,training,true
TR0080,training,true
TR0081,training,true
TR0082,training,true
TR0083,training,true
TR0084,training,true
TR0085,training,true
TR0086,training,true
TR0087,training,true
TR0088,training,true
TR0089,training,true
TR0090,training,true
TR0091,training,true
TR0092,training,true
TR0093,training,true
TR0094,training,true
TR0095,training,true
TR0096,training,true
TR0097,training,true
TR0098,training,true
TR0099,training,true
TR0100,training,true
TR0101,training,true
TR0102,training,true
TR0103,training,true
TR0104,training,true
TR0105,training,true
TR0106,training,true
TR0107,training,true
TR0108,training,true
TR0109,training,true
TR0110,training,true
TR0111,training,true
TR0112,training,true
TR0113,training,true
TR0114,training,true
TR0115,training,true
TR0116,training,true
TR0117,training,true
TR0118,training,true
TR0119,training,true
TR0120,training,true
TR0121,training,true
TR0122,training,true
TR0123,training,true
TR0124,training,true
TR0125,training,true
TR0126,training,true
TR0127,training,true
TR0128,training,true
TR0129,training,true
TR0130,training,true
TR0131,training,true
TR0132,training,true
TR0133,training,true
TR0134,training,true
TR0135,training,true
TR0136,training,true
TR0137,training,true
TR0138,training,true
TR0139,training,true
TR0140,training,true
TR0141,training,true
TR0142,training,true
TR0143,training,true
TR0144,training,true
TR0145,training,true
TR0146,training,true
TR0147,training,true
TR0148,training,true
TR0149,training,true
TR0150,training,true
TR0151,training,true
TR0152,training,true
TR0153,training,true
TR0154,training,true
TR0155,training,true
TR0156,training,true
TR0157,training,true
TR0158,training,true
TR0159,training,true
TR0160,training,true
TR0161,training,true
TR0162,training,true
TR0163,training,true
TR0164,training,true
TR0165,training,true
TR0166,training,true
TR0167,training,true
TR0168,training,true
TR0169,training,true
TR0170,training,true
TR0171,training,true
TR0172,training,true
TR0173,training,true
TR0174,training,true
TR0175,training,true
TR0176,training,true
TR0177,training,true
TR0178,training,true
TR0179,training,true
TR0180,training,true
S0001_1,validation,true
S0002_1,validation,true
S0003_1,validation,true
S0004_1,validation,true
S0005_1,validation,true
S0006_1,validation,true
S0007_1,validation,true
S0008_1,validation,true
S0009_1,validation,true
S0009_2,validation,true
S0010_1,validation,true
S0011_1,validation,true
S0012_1,validation,true
S0013_1,validation,true
S0014_1,validation,true
S0014_2,validation,true
S0015_1,validation,true
S0016_1,validation,true
S0017_1,validation,true
S0018_1,validation,true
S0019_1,validation,true
S0020_1,validation,true
S0021_1,validation,true
S0022_1,validation,true
S0023_1,validation,true
S0024_1,validation,true
S0025_1,validation,true
S0026_1,validation,true
S0027_1,validation,true
S0028_1,validation,true
S0028_2,validation,true
S0029_1,validation,true
S0030_1,validation,true
S0031_1,validation,true
S0032_1,validation,true
S0033_1,validation,true
S0034_1,validation,true
S0035_1,validation,true
S0036_1,validation,true
S0037_1,validation,true
S0037_2,validation,true
S0038_1,validation,true
S0039_1,validation,true
S0040_1,validation,true
S0041_1,validation,true
S0042_1,validation,true
S0043_1,validation,true
S0044_1,validation,true
S0045_1,validation,true
S0046_1,validation,true
S0047_1,validation,true
S0048_1,validation,true
S0049_1,validation,true
S0050_1,validation,true
S0051_1,validation,true
S0052_1,validation,true
S0052_2,validation,true
S0053_1,validation,true
S0054_1,validation,true
S0055_1,validation,true
S0056_1,validation,true
S0057_1,validation,true
S0058_1,validation,true
S0059_1,validation,true
S0060_1,validation,true
S0061_1,validation,true
S0062_1,validation,true
S0063_1,validation,true
S0064_1,validation,true
S0065_1,validation,true
S0066_1,validation,true
S0067_1,validation,true
S0067_2,validation,true
S0068_1,validation,true
S0069_1,validation,true
S0070_1,validation,true
S0070_2,validation,true
S0071_1,validation,true
S0072_1,validation,true
S0072_2,validation,true
S0073_1,validation,true
S0074_1,validation,true
S0075_1,validation,true
S0076_1,validation,true
S0077_1,validation,true
S0078_1,validation,true
S0079_1,validation,true
S0080_1,validation,true
S0080_2,validation,true
S0081_1,validation,true
S0082_1,validation,true
S0083_1,validation,true
S0084_1,validation,true
S0085_1,validation,true
S0086_1,validation,true
S0087_1,validation,true
S0088_1,validation,true
S0088_2,validation,true
S0089_1,validation,true
S0090_1,validation,true
S0091_1,validation,true
S0092_1,validation,true
S0093_1,validation,true
S0094_1,validation,true
S0095_1,validation,true
S0096_1,validation,true
S0097_1,validation,true
S0098_1,validation,true
S0099_1,validation,true
S0100_1,validation,true
S0101_1,validation,true
S0102_1,validation,true
S0103_1,validation,true
S0104_1,validation,true
S0105_1,validation,true
S0106_1,validation,true
S0107_1,validation,true
S0108_1,validation,true
S0109_1,validation,true
S0110_1,validation,true
S0111_1,validation,true
S0112_1,validation,true
