sample_id,reported_patient_id,fingerprint_cluster,biopsy_id,visit_day,baseline_eligible,site,batch,platform,tissue,age_years,sex
S0001_1,P0001,F0001,BX0001_1,-13,true,Central,B2,HTA2,colonic_mucosa,29,
S0002_1,P0002,F0002,BX0002_1,-12,true,Coast,B3,HTA2,colonic_mucosa,36,
S0003_1,P0003,F0003,BX0003_1,-11,true,Central,B4,HTA2,colonic_mucosa,43,F
S0004_1,P0004,F0004,BX0004_1,-10,true,Central,B1,HTA2,colonic_mucosa,50,M
S0005_1,P0005,F0005,BX0005_1,-9,true,Central,B2,HTA2-r2,colonic_mucosa,57,F
S0005_2,P0005,F0005,BX0005_2,-9,true,Central,B2,HTA2-r2,colonic_mucosa,57,F
S0006_1,P0006,F0006,BX0006_1,-8,true,Coast,B3,HTA2,colonic_mucosa,64,M
S0007_1,P0007,F0007,BX0007_1,-7,true,North,B4,HTA2,colonic_mucosa,71,F
S0008_1,P0008,F0008,BX0008_1,-6,true,Central,B1,HTA2,colonic_mucosa,27,M
S0009_1,P0009,F0009,BX0009_1,-5,true,Coast,B2,HTA2,colonic_mucosa,34,F
S0010_1,P0010,F0010,BX0010_1,-4,true,Coast,B3,HTA2-r2,colonic_mucosa,41,M
S0011_1,P0011,F0011,BX0011_1,-3,true,North,B4,HTA2,colonic_mucosa,48,F
S0012_1,P0012,F0012,BX0012_1,-2,true,North,B1,HTA2,colonic_mucosa,55,M
S0013_1,P0013,F0013,BX0013_1,-14,true,North,B2,HTA2,colonic_mucosa,62,F
S0014_1,P0014,F0014,BX0014_1,-13,true,Central,B3,HTA2,colonic_mucosa,69,M
S0015_1,P0015,F0015,BX0015_1,-12,true,North,B4,HTA2-r2,colonic_mucosa,25,F
S0016_1,P0016,F0016,BX0016_1,-11,true,Coast,B1,HTA2,colonic_mucosa,32,M
S0017_1,P0017,F0017,BX0017_1,-10,true,Coast,B2,HTA2,colonic_mucosa,39,F
S0018_1,P0018,F0018,BX0018_1,-9,true,Coast,B3,HTA2,colonic_mucosa,46,M
S0019_1,P0019,F0019,BX0019_1,-8,true,North,B4,HTA2,colonic_mucosa,53,F
S0019_2,P0019,F0019,BX0019_2,-8,true,North,B4,HTA2,colonic_mucosa,53,F
S0020_1,P0020,F0020,BX0020_1,-7,true,North,B1,HTA2-r2,colonic_mucosa,60,M
S0021_1,P0021,F0021,BX0021_1,-6,true,Coast,B2,HTA2,colonic_mucosa,67,F
S0022_1,P0022,F0022,BX0022_1,-5,true,North,B3,HTA2,colonic_mucosa,23,M
S0023_1,P0023,F0023,BX0023_1,-4,true,Coast,B4,HTA2,colonic_mucosa,30,F
S0024_1,P0024,F0024,BX0024_1,-3,true,Central,B1,HTA2,colonic_mucosa,37,M
S0025_1,P0025,F0025,BX0025_1,-2,true,Coast,B2,HTA2-r2,colonic_mucosa,44,F
S0026_1,P0026,F0026,BX0026_1,-14,true,Central,B3,HTA2,colonic_mucosa,51,M
S0027_1,P0027,F0027,BX0027_1,-13,true,Central,B4,HTA2,colonic_mucosa,58,F
S0028_1,P0028,F0028,BX0028_1,-12,true,North,B1,HTA2,colonic_mucosa,65,M
S0028_2,P0028,F0028,BX0028_2,-12,true,North,B1,HTA2,colonic_mucosa,65,M
S0029_1,P0029,F0029,BX0029_1,-11,true,North,B2,HTA2,colonic_mucosa,72,F
S0029_2,P0029,F0029,BX0029_2,-11,true,North,B2,HTA2,colonic_mucosa,72,F
S0030_1,P0030,F0030,BX0030_1,-10,true,North,B3,HTA2-r2,colonic_mucosa,28,M
S0031_1,P0031,F0031,BX0031_1,-9,true,North,B4,HTA2,colonic_mucosa,35,F
S0032_1,P0032,F0032,BX0032_1,-8,true,North,B1,HTA2,colonic_mucosa,42,M
S0033_1,P0033,F0033,BX0033_1,-7,true,Coast,B2,HTA2,colonic_mucosa,49,F
S0034_1,P0034,F0034,BX0034_1,-6,true,Central,B3,HTA2,colonic_mucosa,56,M
S0035_1,P0035,F0035,BX0035_1,-5,true,Central,B4,HTA2-r2,colonic_mucosa,63,F
S0036_1,P0036,F0036,BX0036_1,-4,true,Coast,B1,HTA2,colonic_mucosa,70,M
S0037_1,P0037,F0037,BX0037_1,-3,true,Central,B2,HTA2,colonic_mucosa,26,F
S0038_1,P0038,F0038,BX0038_1,-2,true,Central,B3,HTA2,colonic_mucosa,33,M
S0039_1,P0039,F0039,BX0039_1,-14,true,Coast,B4,HTA2,colonic_mucosa,40,F
S0040_1,P0040,F0040,BX0040_1,-13,true,North,B1,HTA2-r2,colonic_mucosa,47,M
S0041_1,P0041,F0041,BX0041_1,-12,true,Coast,B2,HTA2,colonic_mucosa,54,F
S0042_1,P0042,F0042,BX0042_1,-11,true,Central,B3,HTA2,colonic_mucosa,61,M
S0043_1,P0043,F0043,BX0043_1,-10,true,Central,B4,HTA2,colonic_mucosa,68,F
S0044_1,P0044,F0044,BX0044_1,-9,true,Central,B1,HTA2,colonic_mucosa,24,M
S0045_1,P0045,F0045,BX0045_1,-8,true,Coast,B2,HTA2-r2,colonic_mucosa,31,F
S0046_1,P0046,F0046,BX0046_1,-7,true,North,B3,HTA2,colonic_mucosa,38,M
S0047_1,P0047,F0047,BX0047_1,-6,true,North,B4,HTA2,colonic_mucosa,45,F
S0048_1,P0048,F0048,BX0048_1,-5,true,Central,B1,HTA2,colonic_mucosa,52,M
S0049_1,P0049,F0049,BX0049_1,-4,true,North,B2,HTA2,colonic_mucosa,59,F
S0050_1,P0050,F0050,BX0050_1,-3,true,Coast,B3,HTA2-r2,colonic_mucosa,66,M
S0051_1,P0051,F0051,BX0051_1,-2,true,North,B4,HTA2,colonic_mucosa,22,F
S0052_1,P0052,F0052,BX0052_1,-14,true,North,B1,HTA2,colonic_mucosa,29,M
S0053_1,P0053,F0053,BX0053_1,-13,true,Coast,B2,HTA2,colonic_mucosa,36,F
S0054_1,P0054,F0054,BX0054_1,-12,true,Coast,B3,HTA2,colonic_mucosa,43,M
S0055_1,P0055,F0055,BX0055_1,-11,true,North,B4,HTA2-r2,colonic_mucosa,50,F
S0056_1,P0056,F0056,BX0056_1,-10,true,Central,B1,HTA2,colonic_mucosa,57,M
S0057_1,P0057,F0057,BX0057_1,-9,true,North,B2,HTA2,colonic_mucosa,64,F
S0058_1,P0058,F0058,BX0058_1,-8,true,North,B3,HTA2,colonic_mucosa,71,M
S0059_1,P0059,F0059,BX0059_1,-7,true,Central,B4,HTA2,colonic_mucosa,27,F
S0060_1,P0060,F0060,BX0060_1,-6,true,Coast,B1,HTA2-r2,colonic_mucosa,34,M
S0061_1,P0061,F0061,BX0061_1,-5,true,North,B2,HTA2,colonic_mucosa,41,F
S0062_1,P0062,F0062,BX0062_1,-4,true,North,B3,HTA2,colonic_mucosa,48,M
S0063_1,P0063,F0063,BX0063_1,-3,true,Coast,B4,HTA2,colonic_mucosa,55,F
S0064_1,P0064,F0064,BX0064_1,-2,true,Coast,B1,HTA2,colonic_mucosa,62,M
S0065_1,P0065,F0065,BX0065_1,-14,true,Coast,B2,HTA2-r2,colonic_mucosa,69,F
S0066_1,P0066,F0066,BX0066_1,-13,true,Coast,B3,HTA2,colonic_mucosa,25,M
S0067_1,P0067,F0067,BX0067_1,-12,true,North,B4,HTA2,colonic_mucosa,32,F
S0068_1,P0068,F0068,BX0068_1,-11,true,North,B1,HTA2,colonic_mucosa,39,M
S0069_1,P0069,F0069,BX0069_1,-10,true,Coast,B2,HTA2,colonic_mucosa,46,F
S0069_2,P0069,F0069,BX0069_2,-10,true,Coast,B2,HTA2,colonic_mucosa,46,F
S0070_1,P0070,F0070,BX0070_1,-9,true,Coast,B3,HTA2-r2,colonic_mucosa,53,M
S0071_1,P0071,F0071,BX0071_1,-8,true,Coast,B4,HTA2,colonic_mucosa,60,F
S0072_1,P0072,F0072,BX0072_1,-7,true,North,B1,HTA2,colonic_mucosa,67,M
S0073_1,P0073,F0073,BX0073_1,-6,true,North,B2,HTA2,colonic_mucosa,23,F
S0074_1,P0074,F0074,BX0074_1,-5,true,Central,B3,HTA2,colonic_mucosa,30,M
S0075_1,P0075,F0075,BX0075_1,-4,true,North,B4,HTA2-r2,colonic_mucosa,37,F
S0076_1,P0076,F0076,BX0076_1,-3,true,Coast,B1,HTA2,colonic_mucosa,44,M
S0077_1,P0077,F0077,BX0077_1,-2,true,Central,B2,HTA2,colonic_mucosa,51,F
S0078_1,P0078,F0078,BX0078_1,-14,true,Central,B3,HTA2,colonic_mucosa,58,M
S0079_1,P0079,F0079,BX0079_1,-13,true,Central,B4,HTA2,colonic_mucosa,65,F
S0080_1,P0080,F0080,BX0080_1,-12,true,North,B1,HTA2-r2,colonic_mucosa,72,M
S0081_1,P0081,F0081,BX0081_1,-11,true,Central,B2,HTA2,colonic_mucosa,28,F
S0082_1,P0082,F0082,BX0082_1,-10,true,North,B3,HTA2,colonic_mucosa,35,M
S0083_1,P0083,F0083,BX0083_1,-9,true,Coast,B4,HTA2,colonic_mucosa,42,F
S0084_1,P0084,F0084,BX0084_1,-8,true,Central,B1,HTA2,colonic_mucosa,49,M
S0085_1,P0085,F0085,BX0085_1,-7,true,Coast,B2,HTA2-r2,colonic_mucosa,56,F
S0086_1,P0086,F0086,BX0086_1,-6,true,North,B3,HTA2,colonic_mucosa,63,M
S0087_1,P0087,F0087,BX0087_1,-5,true,Coast,B4,HTA2,colonic_mucosa,70,F
S0088_1,P0088,F0088,BX0088_1,-4,true,Central,B1,HTA2,colonic_mucosa,26,M
S0089_1,P0089,F0089,BX0089_1,-3,true,Coast,B2,HTA2,colonic_mucosa,33,F
S0090_1,P0090,F0090,BX0090_1,-2,true,North,B3,HTA2-r2,colonic_mucosa,40,M
S0090_2,P0090,F0090,BX0090_2,-2,true,North,B3,HTA2-r2,colonic_mucosa,40,M
S0091_1,P0091,F0091,BX0091_1,-14,true,Coast,B4,HTA2,colonic_mucosa,47,F
S0091_2,P0091,F0091,BX0091_2,-14,true,Coast,B4,HTA2,colonic_mucosa,47,F
S0092_1,P0092,F0092,BX0092_1,-13,true,North,B1,HTA2,colonic_mucosa,54,M
S0093_1,P0093,F0093,BX0093_1,-12,true,Central,B2,HTA2,colonic_mucosa,61,F
S0094_1,P0094,F0094,BX0094_1,-11,true,Coast,B3,HTA2,colonic_mucosa,68,M
S0095_1,P0095,F0095,BX0095_1,-10,true,North,B4,HTA2-r2,colonic_mucosa,24,F
S0096_1,P0096,F0096,BX0096_1,-9,true,North,B1,HTA2,colonic_mucosa,31,M
S0097_1,P0097,F0097,BX0097_1,-8,true,North,B2,HTA2,colonic_mucosa,38,F
S0098_1,P0098,F0098,BX0098_1,-7,true,Central,B3,HTA2,colonic_mucosa,45,M
S0099_1,P0099,F0099,BX0099_1,-6,true,North,B4,HTA2,colonic_mucosa,52,F
S0100_1,P0100,F0100,BX0100_1,-5,true,North,B1,HTA2-r2,colonic_mucosa,59,M
S0101_1,P0101,F0101,BX0101_1,-4,true,Central,B2,HTA2,colonic_mucosa,66,F
S0102_1,P0102,F0102,BX0102_1,-3,true,North,B3,HTA2,colonic_mucosa,22,M
S0103_1,P0103,F0103,BX0103_1,-2,true,Coast,B4,HTA2,colonic_mucosa,29,F
S0104_1,P0104,F0104,BX0104_1,-14,true,Central,B1,HTA2,colonic_mucosa,36,M
S0105_1,P0105,F0105,BX0105_1,-13,true,Central,B2,HTA2-r2,colonic_mucosa,43,F
S0106_1,P0106,F0106,BX0106_1,-12,true,Central,B3,HTA2,colonic_mucosa,50,M
S0107_1,P0107,F0107,BX0107_1,-11,true,Central,B4,HTA2,colonic_mucosa,57,F
S0108_1,P0108,F0108,BX0108_1,-10,true,North,B1,HTA2,colonic_mucosa,64,M
S0109_1,P0109,F0109,BX0109_1,-9,true,Coast,B2,HTA2,colonic_mucosa,71,F
S0110_1,P0110,F0110,BX0110_1,-8,true,Coast,B3,HTA2-r2,colonic_mucosa,27,M
S0111_1,P0111,F0111,BX0111_1,-7,true,Coast,B4,HTA2,colonic_mucosa,34,F
S0112_1,P0112,F0112,BX0112_1,-6,true,Central,B1,HTA2,colonic_mucosa,41,M
S0112_2,P0112,F0112,BX0112_2,-6,true,Central,B1,HTA2,colonic_mucosa,41,M
S0113_1,P0113,F0113,BX0113_1,-5,true,Coast,B2,HTA2,colonic_mucosa,48,F
S0114_1,P0114,F0114,BX0114_1,-4,true,Coast,B3,HTA2,colonic_mucosa,55,M
S0115_1,P0115,F0115,BX0115_1,-3,true,North,B4,HTA2-r2,colonic_mucosa,62,F
S0116_1,P0116,F0116,BX0116_1,-2,true,Central,B1,HTA2,colonic_mucosa,69,M
S0117_1,P0117,F0117,BX0117_1,-14,true,North,B2,HTA2,colonic_mucosa,25,F
S0118_1,P0118,F0118,BX0118_1,-13,true,Central,B3,HTA2,colonic_mucosa,32,M
S0119_1,P0119,F0119,BX0119_1,-12,true,Central,B4,HTA2,colonic_mucosa,39,F
S0120_1,P0120,F0120,BX0120_1,-11,true,North,B1,HTA2-r2,colonic_mucosa,46,M
S0121_1,P0121,F0121,BX0121_1,-10,true,North,B2,HTA2,colonic_mucosa,53,F
S0122_1,P0122,F0122,BX0122_1,-9,true,Coast,B3,HTA2,colonic_mucosa,60,M
S0123_1,P0123,F0123,BX0123_1,-8,true,Coast,B4,HTA2,colonic_mucosa,67,F
S0124_1,P0124,F0124,BX0124_1,-7,true,Central,B1,HTA2,colonic_mucosa,23,M
S0125_1,P0125,F0125,BX0125_1,-6,true,North,B2,HTA2-r2,colonic_mucosa,30,F
S0126_1,P0126,F0126,BX0126_1,-5,true,Coast,B3,HTA2,colonic_mucosa,37,M
S0127_1,P0127,F0127,BX0127_1,-4,true,Coast,B4,HTA2,colonic_mucosa,44,F
S0128_1,P0128,F0128,BX0128_1,-3,true,Coast,B1,HTA2,colonic_mucosa,51,M
S0129_1,P0129,F0129,BX0129_1,-2,true,Central,B2,HTA2,colonic_mucosa,58,F
S0130_1,P0130,F0130,BX0130_1,-14,true,Central,B3,HTA2-r2,colonic_mucosa,65,M
S0131_1,P0131,F0131,BX0131_1,-13,true,Central,B4,HTA2,colonic_mucosa,72,F
S0132_1,P0132,F0132,BX0132_1,-12,true,Central,B1,HTA2,colonic_mucosa,28,M
S0133_1,P0133,F0133,BX0133_1,-11,true,Central,B2,HTA2,colonic_mucosa,35,F
S0133_2,P0133,F0133,BX0133_2,-11,true,Central,B2,HTA2,colonic_mucosa,35,F
S0134_1,P0134,F0134,BX0134_1,-10,true,Central,B3,HTA2,colonic_mucosa,42,M
S0135_1,P0135,F0135,BX0135_1,-9,true,Central,B4,HTA2-r2,colonic_mucosa,49,F
S0136_1,P0136,F0136,BX0136_1,-8,true,North,B1,HTA2,colonic_mucosa,56,M
S0136_2,P0136,F0136,BX0136_2,-8,true,North,B1,HTA2,colonic_mucosa,56,M
S0137_1,P0137,F0137,BX0137_1,-7,true,Central,B2,HTA2,colonic_mucosa,63,F
S0138_1,P0138,F0138,BX0138_1,-6,true,North,B3,HTA2,colonic_mucosa,70,M
S0139_1,P0139,F0139,BX0139_1,-5,true,North,B4,HTA2,colonic_mucosa,26,F
S0140_1,P0140,F0140,BX0140_1,-4,true,Coast,B1,HTA2-r2,colonic_mucosa,33,M
S0141_1,P0141,F0141,BX0141_1,-3,true,Central,B2,HTA2,colonic_mucosa,40,F
S0142_1,P0142,F0142,BX0142_1,-2,true,Central,B3,HTA2,colonic_mucosa,47,M
S0143_1,P0143,F0143,BX0143_1,-14,true,Coast,B4,HTA2,colonic_mucosa,54,F
S0144_1,P0144,F0144,BX0144_1,-13,true,Coast,B1,HTA2,colonic_mucosa,61,M
S0145_1,P0145,F0145,BX0145_1,-12,true,Coast,B2,HTA2-r2,colonic_mucosa,68,F
S0146_1,P0146,F0146,BX0146_1,-11,true,North,B3,HTA2,colonic_mucosa,24,M
S0147_1,P0147,F0147,BX0147_1,-10,true,Central,B4,HTA2,colonic_mucosa,31,F
S0148_1,P0148,F0148,BX0148_1,-9,true,Coast,B1,HTA2,colonic_mucosa,38,M
