sample_id,IFN_score,epithelial_score,library_size_log10
S0001_1,-0.22709,0.46637,6.29215
S0002_1,-1.95449,0.28482,6.35825
S0003_1,1.04221,-0.52069,6.40305
S0004_1,-0.44834,0.25819,6.17060
S0005_1,-0.33248,-0.45791,6.24672
S0005_2,-0.61493,0.13415,6.25413
S0006_1,1.19314,-0.43355,6.35381
S0007_1,0.49192,-0.30576,6.39505
S0008_1,-0.27627,-0.03879,6.16797
S0009_1,-0.00775,0.26304,6.27502
S0010_1,0.06368,-0.07319,6.33846
S0011_1,-0.27113,0.00927,6.42030
S0012_1,-0.00230,-0.37747,6.18788
S0013_1,0.71406,-0.49937,6.24999
S0014_1,0.33237,-0.29001,6.37528
S0015_1,0.59711,-0.26210,6.37509
S0016_1,0.24022,-0.17238,6.17862
S0017_1,-0.78117,-0.12856,6.22286
S0018_1,0.07297,-0.27611,6.34447
S0019_1,-0.60042,0.10651,6.44550
S0019_2,-0.77431,-0.00331,6.42083
S0020_1,0.57687,-0.23214,6.19959
S0021_1,1.68296,-0.30271,6.25952
S0022_1,0.95766,-0.57668,6.38899
S0023_1,0.42414,0.24939,6.41835
S0024_1,-1.38792,0.22116,6.14075
S0025_1,1.18466,-0.05832,6.26361
S0026_1,-1.12269,0.47552,6.37756
S0027_1,-0.95466,0.66069,6.42526
S0028_1,-0.18055,0.27111,6.23493
S0028_2,-0.40221,0.26957,6.19411
S0029_1,-1.01125,0.70915,6.26639
S0029_2,-1.19474,0.24203,6.24743
S0030_1,-0.19659,0.35324,6.34456
S0031_1,-0.31225,0.08481,6.40534
S0032_1,-1.94908,0.19964,6.19477
S0033_1,-0.56687,0.31955,6.24803
S0034_1,-0.60438,0.10087,6.35695
S0035_1,-1.72312,0.52324,6.41292
S0036_1,0.61112,-0.54621,6.15509
S0037_1,1.14968,-0.26455,6.30638
S0038_1,-0.18662,0.08385,6.29214
S0039_1,0.08530,0.39840,6.41439
S0040_1,0.80178,-0.27900,6.23778
S0041_1,-1.71739,0.75833,6.24194
S0042_1,-0.06986,0.11859,6.33541
S0043_1,0.45674,-0.05394,6.33495
S0044_1,1.20802,-0.53267,6.18440
S0045_1,-0.14783,0.11707,6.26928
S0046_1,-0.31821,-0.13973,6.29737
S0047_1,1.33731,-0.71321,6.41495
S0048_1,-0.88353,0.18810,6.23711
S0049_1,-1.34181,0.02755,6.27326
S0050_1,-0.09400,0.12940,6.38494
S0051_1,0.23009,-0.14249,6.38054
S0052_1,0.85160,0.31820,6.16067
S0053_1,-1.58873,0.57909,6.24387
S0054_1,0.20007,0.04620,6.38720
S0055_1,-1.23763,0.25836,6.40429
S0056_1,-0.98335,0.59837,6.27876
S0057_1,-1.12163,0.56220,6.24216
S0058_1,0.28765,-0.13198,6.39377
S0059_1,-1.59162,0.43627,6.46815
S0060_1,0.86101,-0.29855,6.20198
S0061_1,0.51579,-0.44408,6.26454
S0062_1,0.33908,0.34700,6.33292
S0063_1,0.31900,-0.63779,6.40804
S0064_1,0.37688,-0.60321,6.21849
S0065_1,-1.64064,0.35643,6.26564
S0066_1,0.43492,-0.52050,6.28274
S0067_1,-0.54647,0.28496,6.43453
S0068_1,-0.08630,0.34909,6.23454
S0069_1,2.14702,-0.31670,6.27303
S0069_2,2.10435,-0.94924,6.29059
S0070_1,-1.30795,0.24336,6.35324
S0071_1,1.58548,-0.00380,6.45693
S0072_1,-0.65693,0.29105,6.23551
S0073_1,-1.06996,0.32677,6.28829
S0074_1,-1.64098,0.60568,6.33181
S0075_1,-1.39594,0.78898,6.37940
S0076_1,0.12448,0.28748,6.19089
S0077_1,0.83650,-0.16205,6.30713
S0078_1,1.19967,-0.26748,6.32619
S0079_1,-0.78028,0.21029,6.35529
S0080_1,-0.20649,0.21494,6.22787
S0081_1,1.45072,-0.96208,6.29080
S0082_1,-0.06510,-0.30692,6.35009
S0083_1,1.14031,-0.33918,6.44943
S0084_1,0.78206,0.42223,6.18714
S0085_1,-0.40209,0.23327,6.29084
S0086_1,-1.82992,0.87034,6.36727
S0087_1,-1.26437,0.61069,6.41624
S0088_1,0.71313,-0.01867,6.12850
S0089_1,0.27047,-0.14052,6.29036
S0090_1,0.49640,-0.34779,6.26682
S0090_2,0.45040,-0.07924,6.28660
S0091_1,-1.92313,0.94295,6.42381
S0091_2,-1.38087,0.43106,6.44436
S0092_1,-0.65719,0.11452,6.22493
S0093_1,-0.46221,0.21891,6.26520
S0094_1,-0.79644,0.46497,6.37398
S0095_1,-0.96563,0.43000,6.39604
S0096_1,-1.66801,0.98500,6.17604
S0097_1,0.13252,-0.26687,6.28427
S0098_1,-0.93771,-0.07494,6.32655
S0099_1,0.40558,0.42656,6.44600
S0100_1,-0.73495,-0.25856,6.14925
S0101_1,1.18578,0.21552,6.23733
S0102_1,-1.74402,0.52104,6.32751
S0103_1,1.25407,-0.25979,6.41983
S0104_1,0.41219,0.12017,6.17248
S0105_1,0.72144,-0.21243,6.30993
S0106_1,-1.20486,0.21611,6.38187
S0107_1,-1.87050,0.55049,6.41035
S0108_1,-0.40622,0.18241,6.18779
S0109_1,0.56852,-0.52421,6.26406
S0110_1,1.08555,-0.23323,6.33056
S0111_1,1.55489,-0.52378,6.46102
S0112_1,-1.27009,0.54040,6.19518
S0112_2,-1.29431,0.49127,6.22501
S0113_1,0.19785,0.42951,6.25728
S0114_1,0.05865,-0.29392,6.33558
S0115_1,-0.04504,0.57183,6.43278
S0116_1,-1.09137,0.54429,6.19270
S0117_1,0.36531,0.03832,6.29730
S0118_1,-0.96113,-0.05900,6.28438
S0119_1,-0.39042,0.07427,6.46092
S0120_1,-1.70616,0.10285,6.18441
S0121_1,0.63759,-0.58414,6.28643
S0122_1,0.44818,-0.36567,6.32669
S0123_1,0.44692,0.00142,6.42530
S0124_1,0.71732,-0.27115,6.15579
S0125_1,-0.04307,-0.05238,6.24371
S0126_1,-0.13781,0.33941,6.32820
S0127_1,-2.17731,1.13372,6.40928
S0128_1,-0.36993,-0.20065,6.23771
S0129_1,-0.76346,0.16356,6.31340
S0130_1,-0.26471,-0.09288,6.37283
S0131_1,1.01546,-0.18002,6.41780
S0132_1,-1.01337,0.27759,6.21271
S0133_1,-1.53585,0.33554,6.26722
S0133_2,-1.22501,0.36836,6.28222
S0134_1,-0.18081,0.17797,6.30561
S0135_1,-0.09409,0.33460,6.38405
S0136_1,1.08026,-0.70683,6.17179
S0136_2,1.02870,-0.18954,6.16803
S0137_1,1.13515,-0.56372,6.29842
S0138_1,0.72424,-0.27260,6.31597
S0139_1,0.50591,0.04145,6.45712
S0140_1,0.32570,0.08985,6.21407
S0141_1,0.27191,-0.27002,6.26700
S0142_1,-0.92262,-0.09712,6.30550
S0143_1,-1.39864,1.03386,6.40659
S0144_1,-0.16213,-0.17374,6.17400
S0145_1,0.52996,0.15687,6.29944
S0146_1,0.38652,-0.43328,6.37383
S0147_1,-1.83463,1.02206,6.37547
S0148_1,-1.13355,0.34751,6.20569
